Date,ATOM-GBP,BTC-GBP,XMR-GBP,USDT-GBP
2022-04-30 00:00:00+00:00,14.221138954162598,29995.544921875,170.72628784179688,0.7954469919204712
2022-05-01 00:00:00+00:00,14.341957092285156,30606.318359375,169.2012481689453,0.7956979870796204
2022-05-02 00:00:00+00:00,14.25088596343994,30824.271484375,158.93789672851562,0.7999849915504456
2022-05-03 00:00:00+00:00,14.076407432556152,30203.759765625,166.05149841308594,0.8001260161399841
2022-05-04 00:00:00+00:00,15.754220962524414,31464.5703125,178.4769744873047,0.7926210165023804
2022-05-05 00:00:00+00:00,14.44153881072998,29585.669921875,167.13705444335938,0.808892011642456
2022-05-06 00:00:00+00:00,14.32320499420166,29207.779296875,175.8627471923828,0.8103920221328735
2022-05-07 00:00:00+00:00,13.35224723815918,28770.99609375,165.48794555664062,0.810342013835907
2022-05-08 00:00:00+00:00,12.735511779785156,27632.826171875,176.24942016601562,0.8111979961395264
2022-05-09 00:00:00+00:00,10.379953384399414,24559.28515625,142.1431884765625,0.810545027256012
2022-05-10 00:00:00+00:00,11.05373477935791,25207.134765625,132.4078826904297,0.8123630285263062
2022-05-11 00:00:00+00:00,8.768548965454102,23653.09765625,113.41360473632812,0.8140439987182617
2022-05-12 00:00:00+00:00,7.955850124359131,23801.814453125,112.98416137695312,0.8174440264701843
2022-05-13 00:00:00+00:00,8.411150932312012,23881.66015625,117.39353942871094,0.8141080141067505
2022-05-14 00:00:00+00:00,8.8256196975708,24542.40625,125.86261749267578,0.8143330216407776
2022-05-15 00:00:00+00:00,10.077556610107422,25539.556640625,140.06068420410156,0.8150669932365417
2022-05-16 00:00:00+00:00,8.939102172851562,24229.0703125,131.6209259033203,0.8103520274162292
2022-05-17 00:00:00+00:00,9.191864967346191,24365.57421875,138.4360809326172,0.7999439835548401
2022-05-18 00:00:00+00:00,8.215645790100098,23265.861328125,125.82854461669922,0.8091149926185608
2022-05-19 00:00:00+00:00,8.714189529418945,24323.130859375,133.04754638671875,0.8015390038490295
2022-05-20 00:00:00+00:00,8.970157623291016,23375.017578125,139.46409606933594,0.7995479702949524
2022-05-21 00:00:00+00:00,8.849724769592285,23567.47265625,140.92462158203125,0.7997710108757019
2022-05-22 00:00:00+00:00,9.137565612792969,24252.791015625,149.69021606445312,0.7990490198135376
2022-05-23 00:00:00+00:00,8.858790397644043,23155.107421875,147.35659790039062,0.7950119972229004
2022-05-24 00:00:00+00:00,8.836249351501465,23645.64453125,153.96128845214844,0.7966300249099731
2022-05-25 00:00:00+00:00,8.533064842224121,23488.064453125,162.01611328125,0.7937120199203491
2022-05-26 00:00:00+00:00,7.643126010894775,23195.97265625,150.2195587158203,0.7916920185089111
2022-05-27 00:00:00+00:00,7.326344013214111,22667.943359375,142.8040771484375,0.7909219861030579
2022-05-28 00:00:00+00:00,7.454661846160889,22816.271484375,142.755126953125,0.7910640239715576
2022-05-29 00:00:00+00:00,7.595413208007812,23324.3203125,147.38931274414062,0.7914549708366394
2022-05-30 00:00:00+00:00,8.328213691711426,25088.564453125,161.484375,0.7902849912643433
2022-05-31 00:00:00+00:00,8.15714168548584,25212.828125,157.4516143798828,0.7925630211830139
2022-06-01 00:00:00+00:00,7.502334117889404,23873.623046875,159.12774658203125,0.8005599975585938
2022-06-02 00:00:00+00:00,7.6597371101379395,24222.169921875,160.11273193359375,0.7944740056991577
2022-06-03 00:00:00+00:00,7.353713989257812,23785.404296875,155.32322692871094,0.8000720143318176
2022-06-04 00:00:00+00:00,7.394667148590088,23888.318359375,151.44525146484375,0.8001869916915894
2022-06-05 00:00:00+00:00,7.354788780212402,23942.5546875,150.4955596923828,0.80001300573349
2022-06-06 00:00:00+00:00,7.5723700523376465,25049.29296875,151.3242950439453,0.7979440093040466
2022-06-07 00:00:00+00:00,7.3303961753845215,24751.001953125,149.01034545898438,0.7939689755439758
2022-06-08 00:00:00+00:00,6.988570213317871,24093.44140625,148.67164611816406,0.7968289852142334
2022-06-09 00:00:00+00:00,7.03368616104126,24103.87109375,148.39175415039062,0.7999250292778015
2022-06-10 00:00:00+00:00,6.5747551918029785,23616.572265625,141.19070434570312,0.811352014541626
2022-06-11 00:00:00+00:00,6.115474224090576,23026.681640625,134.8557891845703,0.8111270070075989
2022-06-12 00:00:00+00:00,5.817728042602539,21800.80078125,129.55459594726562,0.8138480186462402
2022-06-13 00:00:00+00:00,5.317844867706299,18519.78125,108.7877197265625,0.8224049806594849
2022-06-14 00:00:00+00:00,5.301750183105469,18488.021484375,99.30866241455078,0.8316680192947388
2022-06-15 00:00:00+00:00,5.984378814697266,18542.255859375,96.930908203125,0.820572018623352
2022-06-16 00:00:00+00:00,5.119870185852051,16502.330078125,86.18147277832031,0.8087999820709229
2022-06-17 00:00:00+00:00,5.23092794418335,16752.44921875,93.54464721679688,0.8175420165061951
2022-06-18 00:00:00+00:00,4.9754180908203125,15555.708984375,85.21781921386719,0.8168709874153137
2022-06-19 00:00:00+00:00,5.537186145782471,16808.322265625,93.4058609008789,0.8169500231742859
2022-06-20 00:00:00+00:00,5.560461044311523,16814.578125,95.74535369873048,0.8154090046882629
2022-06-21 00:00:00+00:00,5.649730205535889,16887.005859375,96.86492156982422,0.814640998840332
2022-06-22 00:00:00+00:00,5.774590969085693,16314.072265625,90.74470520019533,0.8154950141906738
2022-06-23 00:00:00+00:00,6.641846179962158,17198.84375,100.0781707763672,0.8150690197944641
2022-06-24 00:00:00+00:00,6.750265121459961,17311.46484375,103.11470794677734,0.8148109912872314
2022-06-25 00:00:00+00:00,7.057551860809326,17532.16796875,103.94374084472656,0.8149930238723755
2022-06-26 00:00:00+00:00,6.549520015716553,17119.45703125,102.03323364257812,0.8136640191078186
2022-06-27 00:00:00+00:00,6.381106853485107,16904.287109375,98.14691925048828,0.8144950270652771
2022-06-28 00:00:00+00:00,6.016595840454102,16640.099609375,96.4145736694336,0.8195329904556274
2022-06-29 00:00:00+00:00,6.074705123901367,16575.14453125,97.8597412109375,0.8235489726066589
2022-06-30 00:00:00+00:00,6.189556121826172,16269.9501953125,92.73023986816406,0.8213779926300049
2022-07-01 00:00:00+00:00,6.679781913757324,15918.5205078125,95.03457641601562,0.825169026851654
2022-07-02 00:00:00+00:00,6.6632280349731445,15896.1240234375,95.84005737304688,0.8252459764480591
2022-07-03 00:00:00+00:00,6.691065788269043,15945.96484375,96.15999603271484,0.8255789875984192
2022-07-04 00:00:00+00:00,7.235586166381836,16701.25,102.37692260742188,0.8247810006141663
2022-07-05 00:00:00+00:00,7.50939416885376,16894.037109375,102.367431640625,0.8359879851341248
2022-07-06 00:00:00+00:00,7.472494125366211,17235.150390625,105.2604522705078,0.8380079865455627
2022-07-07 00:00:00+00:00,7.792435169219971,17987.283203125,108.431884765625,0.8308380246162415
2022-07-08 00:00:00+00:00,7.50521993637085,18056.6015625,104.37660217285156,0.8304269909858704
2022-07-09 00:00:00+00:00,7.478786945343018,17949.384765625,105.7177734375,0.8309059739112854
2022-07-10 00:00:00+00:00,7.321247100830078,17359.10546875,107.47882843017578,0.8317080140113831
2022-07-11 00:00:00+00:00,6.885578155517578,16782.896484375,106.74514770507812,0.839730978012085
2022-07-12 00:00:00+00:00,6.570332050323486,16268.9970703125,103.71117401123048,0.8413569927215576
2022-07-13 00:00:00+00:00,6.918959140777588,17036.271484375,104.53267669677734,0.8423569798469543
2022-07-14 00:00:00+00:00,7.579566955566406,17371.791015625,112.96760559082033,0.8440240025520325
2022-07-15 00:00:00+00:00,7.637578010559082,17575.984375,117.1714324951172,0.8432779908180237
2022-07-16 00:00:00+00:00,7.776268005371094,17875.345703125,117.28547668457033,0.8433719873428345
2022-07-17 00:00:00+00:00,7.492157936096191,17476.052734375,114.34102630615234,0.8408060073852539
2022-07-18 00:00:00+00:00,8.029755592346191,18817.98046875,123.42743682861328,0.836700975894928
2022-07-19 00:00:00+00:00,8.786019325256348,19484.56640625,122.4403305053711,0.8331270217895508
2022-07-20 00:00:00+00:00,8.107331275939941,19411.83203125,126.73247528076172,0.8356310129165649
2022-07-21 00:00:00+00:00,9.230693817138672,19311.216796875,125.88601684570312,0.8337180018424988
2022-07-22 00:00:00+00:00,8.887006759643555,18922.0546875,124.3656005859375,0.8330640196800232
2022-07-23 00:00:00+00:00,8.422658920288086,18714.21484375,121.9741439819336,0.8330510258674622
2022-07-24 00:00:00+00:00,8.355279922485352,18863.8203125,126.36951446533205,0.8343729972839355
2022-07-25 00:00:00+00:00,7.476047039031982,17721.751953125,119.4263916015625,0.8296560049057007
2022-07-26 00:00:00+00:00,7.655516147613525,17647.708984375,125.48006439208984,0.8309199810028076
2022-07-27 00:00:00+00:00,8.46574878692627,18854.0234375,132.87548828125,0.8224480152130127
2022-07-28 00:00:00+00:00,8.927729606628418,19587.609375,133.40280151367188,0.8216580152511597
2022-07-29 00:00:00+00:00,9.20189094543457,19552.0546875,131.5157470703125,0.8216099739074707
2022-07-30 00:00:00+00:00,8.778098106384277,19430.14453125,127.89222717285156,0.8215919733047485
2022-07-31 00:00:00+00:00,8.52655029296875,19178.634765625,127.25457000732422,0.822085976600647
2022-08-01 00:00:00+00:00,8.50782299041748,19024.22265625,131.30154418945312,0.8161590099334717
2022-08-02 00:00:00+00:00,8.18901252746582,18922.662109375,129.05792236328125,0.8236389756202698
2022-08-03 00:00:00+00:00,8.37897777557373,18822.1640625,129.07278442382812,0.8240209817886353
2022-08-04 00:00:00+00:00,8.527999877929688,18613.46484375,131.0500030517578,0.8225870132446289
2022-08-05 00:00:00+00:00,9.085244178771973,19291.21484375,133.8931121826172,0.8283640146255493
2022-08-06 00:00:00+00:00,8.80648422241211,19019.494140625,133.08169555664062,0.8284329771995544
2022-08-07 00:00:00+00:00,9.426019668579102,19215.431640625,136.62905883789062,0.8292329907417297
2022-08-08 00:00:00+00:00,9.752195358276367,19701.11328125,138.3503875732422,0.827593982219696
2022-08-09 00:00:00+00:00,9.436705589294434,19189.181640625,130.9324188232422,0.8285670280456543
2022-08-10 00:00:00+00:00,9.787620544433594,19611.921875,137.375244140625,0.8191570043563843
2022-08-11 00:00:00+00:00,9.6375150680542,19645.60546875,131.26100158691406,0.8203510046005249
2022-08-12 00:00:00+00:00,9.93052101135254,20098.283203125,136.93426513671875,0.8238809704780579
2022-08-13 00:00:00+00:00,9.790450096130373,20115.78515625,137.11227416992188,0.8239139914512634
2022-08-14 00:00:00+00:00,9.560688972473145,20053.236328125,136.484619140625,0.8248029947280884
2022-08-15 00:00:00+00:00,9.4718656539917,20020.146484375,135.7627716064453,0.8295829892158508
2022-08-16 00:00:00+00:00,9.434127807617188,19746.41796875,140.4515838623047,0.8268830180168152
2022-08-17 00:00:00+00:00,9.718189239501951,19372.962890625,139.87380981445312,0.83023601770401
2022-08-18 00:00:00+00:00,9.622113227844238,19456.314453125,133.84901428222656,0.838172972202301
2022-08-19 00:00:00+00:00,9.122451782226562,17649.98828125,120.53182220458984,0.8454560041427612
2022-08-20 00:00:00+00:00,8.661266326904297,17892.6015625,125.96691131591795,0.8453220129013062
2022-08-21 00:00:00+00:00,8.996623039245605,18203.71875,130.6133575439453,0.845337986946106
2022-08-22 00:00:00+00:00,9.42150592803955,18187.8515625,130.7980499267578,0.8499289751052856
2022-08-23 00:00:00+00:00,10.24300479888916,18197.80078125,130.6986846923828,0.8452990055084229
2022-08-24 00:00:00+00:00,11.03989028930664,18146.20703125,128.04808044433594,0.8481839895248413
2022-08-25 00:00:00+00:00,10.884984970092772,18270.21875,130.43821716308594,0.8458759784698486
2022-08-26 00:00:00+00:00,9.801405906677246,17269.03125,121.64241790771484,0.8524069786071777
2022-08-27 00:00:00+00:00,9.527692794799805,17057.5234375,123.45668029785156,0.8511160016059875
2022-08-28 00:00:00+00:00,8.991455078125,16780.8515625,125.25476837158205,0.8554559946060181
2022-08-29 00:00:00+00:00,9.760528564453123,17316.74609375,130.2165985107422,0.8531540036201477
2022-08-30 00:00:00+00:00,10.208629608154297,16981.009765625,127.54598999023438,0.857833981513977
2022-08-31 00:00:00+00:00,10.189323425292969,17288.7109375,128.50521850585938,0.8623039722442627
2022-09-01 00:00:00+00:00,11.028303146362305,17430.5859375,133.2610626220703,0.8660330176353455
2022-09-02 00:00:00+00:00,10.968506813049316,17343.146484375,133.26197814941406,0.8685470223426819
2022-09-03 00:00:00+00:00,10.971590995788574,17223.572265625,134.0486602783203,0.8685340285301208
2022-09-04 00:00:00+00:00,11.333209037780762,17420.939453125,135.6521453857422,0.8716800212860107
2022-09-05 00:00:00+00:00,10.935558319091797,17130.70703125,136.1865234375,0.8646799921989441
2022-09-06 00:00:00+00:00,10.266334533691406,16365.6943359375,125.99508666992188,0.8688179850578308
2022-09-07 00:00:00+00:00,11.25298023223877,16745.6796875,129.54685974121094,0.8681809902191162
2022-09-08 00:00:00+00:00,12.062941551208496,16779.08984375,132.09442138671875,0.8681300282478333
2022-09-09 00:00:00+00:00,13.87045955657959,18436.796875,137.7254180908203,0.8624950051307678
2022-09-10 00:00:00+00:00,13.841480255126951,18699.357421875,135.91287231445312,0.8627380132675171
2022-09-11 00:00:00+00:00,13.495741844177246,18734.208984375,136.7122039794922,0.8608189821243286
2022-09-12 00:00:00+00:00,13.266182899475098,19137.29296875,140.2220001220703,0.855646014213562
2022-09-13 00:00:00+00:00,12.220136642456056,17645.267578125,126.64015197753906,0.8693869709968567
2022-09-14 00:00:00+00:00,12.11927890777588,17533.197265625,129.76182556152344,0.8663409948348999
2022-09-15 00:00:00+00:00,13.016825675964355,17203.509765625,127.32449340820312,0.8732240200042725
2022-09-16 00:00:00+00:00,14.537923812866213,17322.345703125,130.89407348632812,0.8760619759559631
2022-09-17 00:00:00+00:00,14.429404258728027,17633.3671875,129.46676635742188,0.8761659860610962
2022-09-18 00:00:00+00:00,12.832701683044434,16983.54296875,122.90128326416016,0.874580979347229
2022-09-19 00:00:00+00:00,13.660784721374512,17076.7421875,122.75054168701172,0.8738459944725037
2022-09-20 00:00:00+00:00,12.243142127990724,16598.90234375,125.08332824707033,0.8787299990653992
2022-09-21 00:00:00+00:00,11.955671310424805,16475.765625,120.4602279663086,0.8883829712867737
2022-09-22 00:00:00+00:00,13.007317543029783,17236.904296875,128.0043487548828,0.8878660202026367
2022-09-23 00:00:00+00:00,13.115015029907228,17794.04296875,130.38833618164062,0.9220669865608216
2022-09-24 00:00:00+00:00,12.57664680480957,17439.8125,130.5568389892578,0.9209840297698976
2022-09-25 00:00:00+00:00,12.987737655639648,17420.8203125,130.73802185058594,0.9265859723091124
2022-09-26 00:00:00+00:00,12.90756607055664,17854.076171875,135.3353271484375,0.9287930130958556
2022-09-27 00:00:00+00:00,12.603609085083008,17816.11328125,134.8178253173828,0.9322469830513
2022-09-28 00:00:00+00:00,12.029122352600098,17935.642578125,135.99049377441406,0.9232239723205566
2022-09-29 00:00:00+00:00,11.45344066619873,17519.54296875,132.78302001953125,0.8951560258865356
2022-09-30 00:00:00+00:00,11.650108337402344,17392.51953125,131.84812927246094,0.8950989842414856
2022-10-01 00:00:00+00:00,11.372196197509766,17320.263671875,126.3433609008789,0.8968999981880188
2022-10-02 00:00:00+00:00,10.798800468444824,17101.98828125,122.95450592041016,0.8980739712715149
2022-10-03 00:00:00+00:00,11.35781478881836,17307.193359375,124.99332427978516,0.8820369839668274
2022-10-04 00:00:00+00:00,11.376461029052734,17759.7578125,128.25633239746094,0.8734989762306213
2022-10-05 00:00:00+00:00,11.4441556930542,17752.134765625,128.78106689453125,0.8806269764900208
2022-10-06 00:00:00+00:00,11.643548965454102,17878.939453125,133.6138458251953,0.8960710167884827
2022-10-07 00:00:00+00:00,11.7666597366333,17618.826171875,132.03121948242188,0.9014739990234376
2022-10-08 00:00:00+00:00,11.836931228637695,17513.705078125,132.87734985351562,0.9020730257034302
2022-10-09 00:00:00+00:00,11.924838066101074,17561.5234375,131.565185546875,0.903214991092682
2022-10-10 00:00:00+00:00,11.25134563446045,17276.43359375,128.46237182617188,0.9025819897651672
2022-10-11 00:00:00+00:00,11.09378147125244,17376.341796875,131.9873809814453,0.9119859933853148
2022-10-12 00:00:00+00:00,10.585580825805664,17257.947265625,130.51693725585938,0.9008409976959229
2022-10-13 00:00:00+00:00,10.048327445983888,17150.57421875,126.38957214355467,0.8848990201950073
2022-10-14 00:00:00+00:00,10.415848731994627,17173.751953125,125.7737808227539,0.8952010273933411
2022-10-15 00:00:00+00:00,10.317259788513184,17068.107421875,124.88988494873048,0.8952130079269409
2022-10-16 00:00:00+00:00,10.41849136352539,17139.875,127.35144805908205,0.8895969986915588
2022-10-17 00:00:00+00:00,10.948491096496582,17222.22265625,126.50753021240234,0.8809589743614197
2022-10-18 00:00:00+00:00,11.033651351928713,17045.68359375,128.79981994628906,0.8817170262336731
2022-10-19 00:00:00+00:00,10.500313758850098,17078.283203125,129.42408752441406,0.8923569917678833
2022-10-20 00:00:00+00:00,10.14584732055664,16978.693359375,125.82942199707033,0.8910899758338928
2022-10-21 00:00:00+00:00,10.387860298156738,16960.04296875,124.48985290527344,0.8847129940986633
2022-10-22 00:00:00+00:00,10.36501121520996,16991.642578125,126.3230972290039,0.8846790194511414
2022-10-23 00:00:00+00:00,10.683829307556152,17260.8203125,127.45857238769533,0.8822069764137268
2022-10-24 00:00:00+00:00,10.312246322631836,17110.810546875,126.68030548095705,0.8845319747924805
2022-10-25 00:00:00+00:00,10.487640380859377,17534.37890625,125.8073272705078,0.8727179765701294
2022-10-26 00:00:00+00:00,10.553831100463867,17845.048828125,126.15912628173828,0.8593270182609558
2022-10-27 00:00:00+00:00,10.974900245666504,17540.412109375,126.0375747680664,0.8647429943084717
2022-10-28 00:00:00+00:00,11.679054260253906,17733.978515625,126.40856170654295,0.861191987991333
2022-10-29 00:00:00+00:00,11.58983039855957,17926.103515625,128.243896484375,0.8612610101699829
2022-10-30 00:00:00+00:00,12.017569541931152,17796.990234375,127.23468780517578,0.8625950217247009
2022-10-31 00:00:00+00:00,12.489827156066896,17872.787109375,130.0590057373047,0.8719769716262817
2022-11-01 00:00:00+00:00,12.277249336242676,17829.705078125,130.26632690429688,0.8702999949455261
2022-11-02 00:00:00+00:00,11.678872108459473,17709.17578125,129.01318359375,0.8784499764442444
2022-11-03 00:00:00+00:00,12.093194961547852,18092.22265625,133.63995361328125,0.895218014717102
2022-11-04 00:00:00+00:00,13.214472770690918,18582.810546875,139.1217498779297,0.8788020014762878
2022-11-05 00:00:00+00:00,13.533302307128906,18705.953125,138.20492553710938,0.8790320158004761
2022-11-06 00:00:00+00:00,12.77942943572998,18468.439453125,136.72274780273438,0.8826180100440979
2022-11-07 00:00:00+00:00,12.392809867858888,17894.92578125,134.8319091796875,0.8686479926109314
2022-11-08 00:00:00+00:00,10.520832061767578,16050.1962890625,119.66665649414062,0.8656749725341797
2022-11-09 00:00:00+00:00,8.612297058105469,13969.369140625,104.78335571289062,0.8784090280532837
2022-11-10 00:00:00+00:00,10.380613327026367,15038.5537109375,113.9209976196289,0.8532549738883972
2022-11-11 00:00:00+00:00,9.853111267089844,14403.380859375,108.24720001220705,0.8440449833869934
2022-11-12 00:00:00+00:00,9.230998039245604,14191.498046875,108.44829559326172,0.8436040282249451
2022-11-13 00:00:00+00:00,8.626566886901855,13862.666015625,108.05374908447266,0.8466389775276184
2022-11-14 00:00:00+00:00,8.763945579528809,14140.42578125,110.46595764160156,0.8500609993934631
2022-11-15 00:00:00+00:00,8.880661964416504,14213.0966796875,108.58353424072266,0.8410450220108032
2022-11-16 00:00:00+00:00,8.52980899810791,13991.111328125,110.99878692626952,0.8386800289154053
2022-11-17 00:00:00+00:00,8.358506202697754,14071.6328125,111.92189025878906,0.8427389860153198
2022-11-18 00:00:00+00:00,8.405407905578613,14042.36328125,112.09654998779295,0.8402680158615112
2022-11-19 00:00:00+00:00,8.403437614440918,14056.9013671875,113.02023315429688,0.8403940200805664
2022-11-20 00:00:00+00:00,7.86693811416626,13707.7685546875,109.2292251586914,0.8405320048332214
2022-11-21 00:00:00+00:00,7.632361888885498,13349.080078125,106.97308349609376,0.8447890281677246
2022-11-22 00:00:00+00:00,8.014376640319824,13612.0185546875,112.62025451660156,0.8400700092315674
2022-11-23 00:00:00+00:00,8.20611572265625,13754.3291015625,111.67781829833984,0.8273730278015137
2022-11-24 00:00:00+00:00,8.380935668945312,13708.6796875,112.89962005615234,0.8251240253448486
2022-11-25 00:00:00+00:00,8.28342056274414,13662.3232421875,112.7149887084961,0.8265759944915771
2022-11-26 00:00:00+00:00,8.35728931427002,13616.9814453125,114.80237579345705,0.8267099857330322
2022-11-27 00:00:00+00:00,8.236878395080566,13642.2978515625,113.18539428710938,0.8292610049247742
2022-11-28 00:00:00+00:00,8.2471342086792,13559.6923828125,112.8436279296875,0.8358410000801086
2022-11-29 00:00:00+00:00,8.529221534729004,13765.470703125,115.09503936767578,0.8368480205535889
2022-11-30 00:00:00+00:00,8.69477653503418,14218.009765625,117.69598388671876,0.828154981136322
2022-12-01 00:00:00+00:00,8.366780281066895,13840.9736328125,117.75630950927734,0.8157879710197449
2022-12-02 00:00:00+00:00,8.425331115722656,13899.728515625,118.34144592285156,0.8134409785270691
2022-12-03 00:00:00+00:00,8.162723541259766,13746.5322265625,118.169921875,0.813057005405426
2022-12-04 00:00:00+00:00,8.349313735961914,13931.5556640625,115.77190399169922,0.8133590221405029
2022-12-05 00:00:00+00:00,8.416020393371582,13922.0732421875,119.08550262451172,0.8202049732208252
2022-12-06 00:00:00+00:00,8.38271427154541,14085.8349609375,118.22737884521484,0.8243020176887512
2022-12-07 00:00:00+00:00,7.867444038391113,13798.7509765625,117.93983459472656,0.8190100193023682
2022-12-08 00:00:00+00:00,8.029195785522461,14087.17578125,120.68647003173828,0.8175349831581116
2022-12-09 00:00:00+00:00,7.950387001037598,13969.4296875,121.5339813232422,0.8153910040855408
2022-12-10 00:00:00+00:00,8.110410690307617,13974.0751953125,122.25630950927734,0.8158640265464783
2022-12-11 00:00:00+00:00,7.799315929412842,13978.9833984375,122.95586395263672,0.8173480033874512
2022-12-12 00:00:00+00:00,7.836900234222412,14024.08984375,122.7203140258789,0.8151360154151917
2022-12-13 00:00:00+00:00,7.880477905273437,14392.2353515625,122.65647888183594,0.8094159960746765
2022-12-14 00:00:00+00:00,7.737605094909668,14345.7666015625,119.67454528808594,0.8053190112113953
2022-12-15 00:00:00+00:00,7.732596874237059,14244.27734375,122.27735137939452,0.8203570246696472
2022-12-16 00:00:00+00:00,7.069959163665772,13703.892578125,117.00851440429688,0.8233100175857544
2022-12-17 00:00:00+00:00,7.244646072387695,13829.951171875,118.12285614013672,0.8235840201377869
2022-12-18 00:00:00+00:00,7.29036283493042,13781.89453125,118.7066879272461,0.8225359916687012
2022-12-19 00:00:00+00:00,7.110311031341553,13525.0390625,118.4535675048828,0.8227729797363281
2022-12-20 00:00:00+00:00,7.352162837982178,13870.8623046875,120.60318756103516,0.8205459713935852
2022-12-21 00:00:00+00:00,7.325500965118408,13925.9443359375,121.99951934814452,0.828125
2022-12-22 00:00:00+00:00,7.467073917388916,13981.3681640625,120.85816192626952,0.8307330012321472
2022-12-23 00:00:00+00:00,7.393247127532959,13935.91015625,118.77010345458984,0.8296530246734619
2022-12-24 00:00:00+00:00,7.443136215209961,13978.060546875,119.02989959716795,0.8296629786491394
2022-12-25 00:00:00+00:00,7.482714176177978,13970.9501953125,120.5102081298828,0.8294829726219177
2022-12-26 00:00:00+00:00,7.598505973815918,14003.25390625,121.4778823852539,0.8276209831237793
2022-12-27 00:00:00+00:00,7.661795139312744,13900.296875,120.90474700927734,0.8313739895820618
2022-12-28 00:00:00+00:00,7.583127021789551,13761.642578125,122.03921508789062,0.8311290144920349
2022-12-29 00:00:00+00:00,7.75308895111084,13805.22265625,120.81437683105467,0.8293039798736572
2022-12-30 00:00:00+00:00,7.73706579208374,13717.736328125,120.64742279052734,0.8259590268135071
2022-12-31 00:00:00+00:00,7.72739315032959,13677.8779296875,121.74308776855467,0.8263130187988281
2023-01-01 00:00:00+00:00,7.823812961578369,13743.1396484375,122.82127380371094,0.8263959884643555
2023-01-02 00:00:00+00:00,8.12605094909668,13834.4755859375,122.64283752441406,0.8287950158119202
2023-01-03 00:00:00+00:00,8.491127967834473,13938.6396484375,124.08497619628906,0.8354560136795044
2023-01-04 00:00:00+00:00,8.458919525146484,13987.02734375,125.03266143798828,0.8292419910430908
2023-01-05 00:00:00+00:00,8.4613676071167,14138.009765625,130.92935180664062,0.8394569754600525
2023-01-06 00:00:00+00:00,8.476405143737793,14018.0078125,128.24468994140625,0.8267080187797546
2023-01-07 00:00:00+00:00,8.430320739746094,14020.5771484375,128.88645935058594,0.826839029788971
2023-01-08 00:00:00+00:00,8.695098876953125,14101.578125,128.42286682128906,0.8250449895858765
2023-01-09 00:00:00+00:00,9.132317543029783,14114.2783203125,130.39169311523438,0.8207619786262512
2023-01-10 00:00:00+00:00,9.32121753692627,14354.65234375,132.91360473632812,0.8228729963302612
2023-01-11 00:00:00+00:00,9.733491897583008,14750.5732421875,138.88040161132812,0.8224660158157349
2023-01-12 00:00:00+00:00,10.04719066619873,15445.3046875,136.70799255371094,0.8186039924621582
2023-01-13 00:00:00+00:00,10.13775634765625,16277.96875,139.4866485595703,0.8177700042724609
2023-01-14 00:00:00+00:00,10.542638778686523,17150.1171875,143.73178100585938,0.8177239894866943
2023-01-15 00:00:00+00:00,10.466384887695312,17082.64453125,142.35934448242188,0.8184090256690979
2023-01-16 00:00:00+00:00,10.100662231445312,17340.36328125,137.40147399902344,0.8192179799079895
2023-01-17 00:00:00+00:00,9.912384033203123,17227.423828125,139.97239685058594,0.8141760230064392
2023-01-18 00:00:00+00:00,9.369437217712402,16756.1953125,131.87677001953125,0.8099089860916138
2023-01-19 00:00:00+00:00,9.705596923828123,17015.861328125,133.53817749023438,0.8069630265235901
2023-01-20 00:00:00+00:00,10.626238822937012,18299.341796875,139.98838806152344,0.8071159720420837
2023-01-21 00:00:00+00:00,10.574264526367188,18385.37109375,139.44985961914062,0.8073430061340332
2023-01-22 00:00:00+00:00,10.729634284973145,18313.6328125,142.68878173828125,0.8062319755554199
2023-01-23 00:00:00+00:00,10.578755378723145,18526.525390625,144.65682983398438,0.8079689741134644
2023-01-24 00:00:00+00:00,10.097735404968262,18356.43359375,139.67333984375,0.8110290169715881
2023-01-25 00:00:00+00:00,10.934417724609377,18627.701171875,139.75506591796875,0.8059120178222656
2023-01-26 00:00:00+00:00,10.562904357910156,18552.671875,138.2091827392578,0.8055559992790222
2023-01-27 00:00:00+00:00,10.914728164672852,18640.435546875,145.33151245117188,0.8078359961509705
2023-01-28 00:00:00+00:00,10.66665744781494,18601.95703125,149.59413146972656,0.8078460097312927
2023-01-29 00:00:00+00:00,11.14437484741211,19172.357421875,150.18605041503906,0.8065029978752136
2023-01-30 00:00:00+00:00,10.572603225708008,18494.345703125,142.51731872558594,0.8098049759864807
2023-01-31 00:00:00+00:00,10.870033264160156,18799.51171875,144.28968811035156,0.8125450015068054
2023-02-01 00:00:00+00:00,12.00249481201172,19150.94140625,143.5394744873047,0.8073260188102722
2023-02-02 00:00:00+00:00,11.752937316894531,19206.2109375,141.4988250732422,0.8183799982070923
2023-02-03 00:00:00+00:00,12.44721221923828,19463.2421875,142.55999755859375,0.8301219940185547
2023-02-04 00:00:00+00:00,12.177414894104004,19355.306640625,142.81259155273438,0.8296489715576172
2023-02-05 00:00:00+00:00,12.250959396362305,19060.48046875,138.62220764160156,0.8304809927940369
2023-02-06 00:00:00+00:00,11.76010799407959,18925.462890625,136.96853637695312,0.83160400390625
2023-02-07 00:00:00+00:00,12.408651351928713,19300.1484375,139.44097900390625,0.8296679854393005
2023-02-08 00:00:00+00:00,12.547757148742676,19004.099609375,137.1132049560547,0.828557014465332
2023-02-09 00:00:00+00:00,11.144391059875488,18008.9765625,125.83700561523438,0.8255100250244141
2023-02-10 00:00:00+00:00,11.363664627075195,17946.92578125,128.112060546875,0.8290389776229858
2023-02-11 00:00:00+00:00,11.404674530029297,18129.029296875,133.87062072753906,0.8290470242500305
2023-02-12 00:00:00+00:00,11.232959747314451,18079.28515625,132.19178771972656,0.8299480080604553
2023-02-13 00:00:00+00:00,10.815217971801758,17948.546875,128.35015869140625,0.8237900137901306
2023-02-14 00:00:00+00:00,11.015703201293944,18252.390625,130.0750274658203,0.8217419981956482
2023-02-15 00:00:00+00:00,11.857562065124512,20194.12890625,137.57330322265625,0.8309469819068909
2023-02-16 00:00:00+00:00,11.208890914916992,19728.482421875,130.01588439941406,0.8352580070495605
2023-02-17 00:00:00+00:00,11.786160469055176,20396.548828125,132.69004821777344,0.8304719924926758
2023-02-18 00:00:00+00:00,11.874395370483398,20459.380859375,134.27978515625,0.8304399847984314
2023-02-19 00:00:00+00:00,11.75063419342041,20224.12890625,134.66197204589844,0.8315200209617615
2023-02-20 00:00:00+00:00,11.970365524291992,20624.455078125,134.29298400878906,0.8308110237121582
2023-02-21 00:00:00+00:00,11.45122241973877,20180.0546875,131.78273010253906,0.8259299993515015
2023-02-22 00:00:00+00:00,11.279725074768066,20078.673828125,131.11953735351562,0.830161988735199
2023-02-23 00:00:00+00:00,11.424978256225586,19928.169921875,126.5030288696289,0.8322640061378479
2023-02-24 00:00:00+00:00,10.95505142211914,19425.671875,125.96804809570312,0.837440013885498
2023-02-25 00:00:00+00:00,10.743729591369627,19399.294921875,124.75091552734376,0.8371760249137878
2023-02-26 00:00:00+00:00,10.8546142578125,19716.2109375,126.67224884033205,0.8368809819221497
2023-02-27 00:00:00+00:00,10.598125457763672,19501.025390625,124.20711517333984,0.829168975353241
2023-02-28 00:00:00+00:00,10.19241428375244,19236.654296875,124.88996887207033,0.8311799764633179
2023-03-01 00:00:00+00:00,10.61880111694336,19661.515625,126.93977355957033,0.8315950036048889
2023-03-02 00:00:00+00:00,10.41970157623291,19645.703125,126.42893981933594,0.8369370102882385
2023-03-03 00:00:00+00:00,9.969112396240234,18580.5234375,120.39787292480467,0.8309550285339355
2023-03-04 00:00:00+00:00,9.831868171691896,18573.623046875,121.89346313476562,0.8310049772262573
2023-03-05 00:00:00+00:00,9.998045921325684,18652.9765625,124.3237075805664,0.8314930200576782
2023-03-06 00:00:00+00:00,9.968354225158691,18652.25,128.0912628173828,0.8315939903259277
2023-03-07 00:00:00+00:00,9.933504104614258,18787.34765625,127.09174346923828,0.8455349802970886
2023-03-08 00:00:00+00:00,9.251561164855955,18328.77734375,121.23097229003906,0.8439469933509827
2023-03-09 00:00:00+00:00,9.232935905456545,17079.1171875,119.58312225341795,0.8387200236320496
2023-03-10 00:00:00+00:00,9.232935905456545,17079.1171875,119.58312225341795,0.8387200236320496
2023-03-11 00:00:00+00:00,9.266406059265137,16776.568359375,112.44646453857422,0.8335800170898438
2023-03-12 00:00:00+00:00,9.238595008850098,17145.099609375,117.35826873779295,0.8373690247535706
2023-03-13 00:00:00+00:00,9.750776290893556,18353.966796875,124.96420288085938,0.8340200185775757
2023-03-14 00:00:00+00:00,9.872238159179688,19887.2265625,125.58057403564452,0.8250499963760376
2023-03-15 00:00:00+00:00,10.755647659301758,20365.5,123.53421783447266,0.8256509900093079
2023-03-16 00:00:00+00:00,10.313102722167969,20199.994140625,121.4507827758789,0.8319550156593323
2023-03-17 00:00:00+00:00,10.612737655639648,20687.966796875,123.30538940429688,0.8275370001792908
2023-03-18 00:00:00+00:00,10.824094772338867,22512.3046875,126.34516143798828,0.8228089809417725
2023-03-19 00:00:00+00:00,10.041549682617188,22144.029296875,122.6622543334961,0.8231059908866882
2023-03-20 00:00:00+00:00,10.130449295043944,23006.376953125,126.10777282714844,0.8229910135269165
2023-03-21 00:00:00+00:00,9.414864540100098,22622.966796875,123.4985122680664,0.816195011138916
2023-03-22 00:00:00+00:00,9.770891189575195,23049.59375,125.29972839355467,0.819320023059845
2023-03-23 00:00:00+00:00,9.236498832702637,22240.951171875,121.40686798095705,0.8159949779510498
2023-03-24 00:00:00+00:00,9.526118278503418,23071.19140625,127.56221771240234,0.8150399923324585
2023-03-25 00:00:00+00:00,9.160818099975586,22485.712890625,132.49888610839844,0.8188909888267517
2023-03-26 00:00:00+00:00,9.08401584625244,22486.875,130.910400390625,0.818556010723114
2023-03-27 00:00:00+00:00,9.25070858001709,22861.2890625,131.94168090820312,0.8173689842224121
2023-03-28 00:00:00+00:00,8.819327354431152,22070.970703125,123.78229522705078,0.8134199976921082
2023-03-29 00:00:00+00:00,9.107213020324709,22114.345703125,124.84407043457033,0.8112450242042542
2023-03-30 00:00:00+00:00,9.284120559692385,23028.177734375,129.10255432128906,0.8123170137405396
2023-03-31 00:00:00+00:00,8.998690605163574,22632.44921875,125.3529052734375,0.8074089884757996
2023-04-01 00:00:00+00:00,9.062337875366213,23068.853515625,127.74991607666016,0.8101450204849243
2023-04-02 00:00:00+00:00,9.234960556030272,23014.216796875,128.08462524414062,0.8102890253067017
2023-04-03 00:00:00+00:00,9.055412292480469,22951.8125,130.40869140625,0.8141070008277893
2023-04-04 00:00:00+00:00,8.9894437789917,22374.65625,126.04065704345705,0.8052740097045898
2023-04-05 00:00:00+00:00,9.023262977600098,22536.189453125,126.97404479980467,0.8002319931983948
2023-04-06 00:00:00+00:00,9.251381874084473,22610.32421875,126.81137084960938,0.8025149703025818
2023-04-07 00:00:00+00:00,9.109156608581545,22547.15234375,125.7647933959961,0.8044340014457703
2023-04-08 00:00:00+00:00,8.900585174560547,22482.7734375,126.22520446777344,0.8055980205535889
2023-04-09 00:00:00+00:00,8.821266174316406,22500.43359375,127.43382263183594,0.8054289817810059
2023-04-10 00:00:00+00:00,8.881524085998535,22792.720703125,128.9781951904297,0.8048250079154968
2023-04-11 00:00:00+00:00,9.027388572692873,23930.103515625,128.49038696289062,0.8073580265045166
2023-04-12 00:00:00+00:00,9.07414722442627,24324.951171875,130.46499633789062,0.8053569793701172
2023-04-13 00:00:00+00:00,9.09122085571289,24126.703125,130.0192413330078,0.8010900020599365
2023-04-14 00:00:00+00:00,9.43674659729004,24270.91796875,129.41717529296875,0.7991899847984314
2023-04-15 00:00:00+00:00,9.87065601348877,24539.73828125,130.49961853027344,0.8055400252342224
2023-04-16 00:00:00+00:00,9.977134704589844,24405.146484375,130.81446838378906,0.8055869936943054
2023-04-17 00:00:00+00:00,10.23961353302002,24447.87890625,131.9490203857422,0.8068839907646179
2023-04-18 00:00:00+00:00,9.974214553833008,23796.3671875,128.9521484375,0.8085899949073792
2023-04-19 00:00:00+00:00,10.104677200317385,24465.37890625,131.0150909423828,0.8051760196685791
2023-04-20 00:00:00+00:00,9.421338081359863,23191.21875,123.23033142089844,0.8050670027732849
2023-04-21 00:00:00+00:00,9.157517433166504,22705.197265625,123.51812744140624,0.8040149807929993
2023-04-22 00:00:00+00:00,8.688132286071777,21935.599609375,121.6454620361328,0.8042960166931152
2023-04-23 00:00:00+00:00,8.87962818145752,22370.333984375,126.65866088867188,0.8043310046195984
2023-04-24 00:00:00+00:00,8.697933197021484,22165.677734375,126.41934204101562,0.8033729791641235
2023-04-25 00:00:00+00:00,8.708733558654785,22020.271484375,126.08485412597656,0.8000969886779785
2023-04-26 00:00:00+00:00,8.904143333435059,22802.392578125,128.71522521972656,0.805649995803833
2023-04-27 00:00:00+00:00,8.759744644165039,22790.658203125,125.79791259765624,0.8020730018615723
2023-04-28 00:00:00+00:00,9.224337577819824,23584.421875,123.10560607910156,0.800154983997345
2023-04-29 00:00:00+00:00,9.323862075805664,23343.34765625,121.98918151855467,0.7961620092391968
2023-04-30 00:00:00+00:00,9.320442199707031,23260.15234375,123.0413589477539,0.7957379817962646
2023-05-01 00:00:00+00:00,9.215627670288086,23306.751953125,124.58635711669922,0.7966489791870117
2023-05-02 00:00:00+00:00,8.817361831665039,22500.6171875,122.23330688476562,0.8012369871139526
2023-05-03 00:00:00+00:00,8.849117279052734,22987.365234375,122.40882873535156,0.8018450140953064
2023-05-04 00:00:00+00:00,8.831406593322754,23077.94140625,123.42420959472656,0.7958340048789978
2023-05-05 00:00:00+00:00,8.728301048278809,22927.7578125,123.51583862304688,0.7951449751853943
2023-05-06 00:00:00+00:00,8.886028289794922,23367.6640625,125.20931243896484,0.7920079827308655
2023-05-07 00:00:00+00:00,8.591897964477539,22869.396484375,123.92814636230467,0.7926530241966248
2023-05-08 00:00:00+00:00,8.713401794433594,22529.65625,124.3760223388672,0.7929850220680237
2023-05-09 00:00:00+00:00,8.418126106262207,21957.5703125,121.76815795898438,0.7935900092124939
2023-05-10 00:00:00+00:00,8.235100746154785,21909.51171875,122.81580352783205,0.79271000623703
2023-05-11 00:00:00+00:00,8.710454940795898,21876.76171875,121.74459838867188,0.7926729917526245
2023-05-12 00:00:00+00:00,8.831521987915039,21587.29296875,122.04460906982422,0.8000839948654175
2023-05-13 00:00:00+00:00,8.968810081481934,21533.57421875,123.5876235961914,0.8038079738616943
2023-05-14 00:00:00+00:00,8.74500846862793,21496.90234375,122.79859924316406,0.8030490279197693
2023-05-15 00:00:00+00:00,8.766839981079102,21628.91015625,123.65586853027344,0.8035460114479065
2023-05-16 00:00:00+00:00,8.626961708068848,21710.80859375,121.4905776977539,0.7986149787902832
2023-05-17 00:00:00+00:00,8.716824531555176,21656.51953125,121.4295425415039,0.8010990023612976
2023-05-18 00:00:00+00:00,8.760958671569824,21950.275390625,121.31012725830078,0.8012139797210693
2023-05-19 00:00:00+00:00,8.662564277648926,21618.30859375,121.67984771728516,0.8057469725608826
2023-05-20 00:00:00+00:00,8.524394989013672,21604.578125,120.8364486694336,0.8036379814147949
2023-05-21 00:00:00+00:00,8.527704238891602,21796.966796875,120.79849243164062,0.803758978843689
2023-05-22 00:00:00+00:00,8.407788276672363,21468.3125,120.4995346069336,0.802586019039154
2023-05-23 00:00:00+00:00,8.434157371520996,21594.951171875,121.81681823730467,0.8044040203094482
2023-05-24 00:00:00+00:00,8.476451873779297,21927.544921875,122.08060455322266,0.8054819703102112
2023-05-25 00:00:00+00:00,8.422327995300293,21289.171875,121.3145751953125,0.8084350228309631
2023-05-26 00:00:00+00:00,8.51529312133789,21496.11328125,122.74933624267578,0.8119410276412964
2023-05-27 00:00:00+00:00,8.532731056213379,21642.064453125,122.00938415527344,0.8102579712867737
2023-05-28 00:00:00+00:00,8.542600631713867,21762.802734375,122.5915756225586,0.8103880286216736
2023-05-29 00:00:00+00:00,8.859442710876465,22749.54296875,125.88690185546876,0.8101459741592407
2023-05-30 00:00:00+00:00,8.711952209472656,22471.197265625,124.67149353027344,0.8100910186767578
2023-05-31 00:00:00+00:00,8.73332405090332,22317.84375,123.2672119140625,0.8057529926300049
2023-06-01 00:00:00+00:00,8.408170700073242,21871.59375,117.36849975585938,0.8037899732589722
2023-06-02 00:00:00+00:00,8.244400024414062,21410.89453125,116.97322845458984,0.7985849976539612
2023-06-03 00:00:00+00:00,8.557861328125,21883.708984375,117.28927612304688,0.8033919930458069
2023-06-04 00:00:00+00:00,8.595329284667969,21746.23046875,119.20289611816406,0.8033090233802795
2023-06-05 00:00:00+00:00,8.649768829345703,21817.017578125,119.23825073242188,0.8046110272407532
2023-06-06 00:00:00+00:00,8.058051109313965,20720.51953125,113.68882751464844,0.8046110272407532
2023-06-07 00:00:00+00:00,8.173931121826172,21915.044921875,118.4957275390625,0.8046929836273193
2023-06-08 00:00:00+00:00,7.576173782348633,21169.5625,116.61983489990234,0.8035740256309509
2023-06-09 00:00:00+00:00,7.520688056945801,21108.2265625,113.5988311767578,0.7965369820594788
2023-06-10 00:00:00+00:00,7.299536228179932,21074.724609375,113.84806823730467,0.795822024345398
2023-06-11 00:00:00+00:00,6.558698177337647,20564.998046875,109.631591796875,0.7958629727363586
2023-06-12 00:00:00+00:00,6.71278190612793,20620.56640625,109.82632446289062,0.7951779961585999
2023-06-13 00:00:00+00:00,6.9951348304748535,20697.91015625,112.02722930908205,0.7991139888763428
2023-06-14 00:00:00+00:00,6.857273101806641,20559.435546875,108.36276245117188,0.7931169867515564
2023-06-15 00:00:00+00:00,6.69481897354126,19828.720703125,105.67233276367188,0.7890840172767639
2023-06-16 00:00:00+00:00,6.776208877563477,20004.83203125,105.17903900146484,0.7815210223197937
2023-06-17 00:00:00+00:00,6.827240943908691,20529.83984375,104.84307098388672,0.7792649865150452
2023-06-18 00:00:00+00:00,6.942959785461426,20672.70703125,106.41685485839844,0.7795569896697998
2023-06-19 00:00:00+00:00,6.6703410148620605,20523.86328125,106.9607162475586,0.779151976108551
2023-06-20 00:00:00+00:00,6.715896129608154,20988.482421875,108.10343933105467,0.7815560102462769
2023-06-21 00:00:00+00:00,6.878749847412109,22190.310546875,111.18096923828124,0.7836509943008423
2023-06-22 00:00:00+00:00,7.089313983917236,23512.724609375,113.63790130615234,0.7830870151519775
2023-06-23 00:00:00+00:00,7.073875904083252,23466.423828125,117.7692642211914,0.7846530079841614
2023-06-24 00:00:00+00:00,7.322194099426269,24139.25390625,121.4785385131836,0.7868559956550598
2023-06-25 00:00:00+00:00,7.381155967712402,24027.6171875,123.22042846679688,0.7869449853897095
2023-06-26 00:00:00+00:00,7.440230846405029,23945.32421875,128.40249633789062,0.7859659790992737
2023-06-27 00:00:00+00:00,7.229534149169922,23815.146484375,128.67874145507812,0.7868949770927429
2023-06-28 00:00:00+00:00,7.394518852233887,24077.2265625,131.6539306640625,0.7847300171852112
2023-06-29 00:00:00+00:00,7.227540016174316,23798.671875,130.2894744873047,0.791034996509552
2023-06-30 00:00:00+00:00,7.129027843475342,24137.5,129.91421508789062,0.7926790118217468
2023-07-01 00:00:00+00:00,7.309782981872559,23985.56640625,132.4352569580078,0.7870630025863647
2023-07-02 00:00:00+00:00,7.525579929351807,24074.361328125,131.43460083007812,0.7871000170707703
2023-07-03 00:00:00+00:00,7.553437232971191,24122.919921875,132.82354736328125,0.78786301612854
2023-07-04 00:00:00+00:00,7.82608699798584,24547.162109375,133.07879638671875,0.78786700963974
2023-07-05 00:00:00+00:00,7.618634223937988,24200.01171875,130.63925170898438,0.7865239977836609
2023-07-06 00:00:00+00:00,7.405335903167725,24018.37109375,131.33566284179688,0.7871959805488586
2023-07-07 00:00:00+00:00,7.226047039031982,23471.353515625,130.04562377929688,0.7849119901657104
2023-07-08 00:00:00+00:00,7.144435882568359,23633.802734375,128.81687927246094,0.7788749933242798
2023-07-09 00:00:00+00:00,7.174549102783203,23595.072265625,130.3248748779297,0.7790529727935791
2023-07-10 00:00:00+00:00,7.348018169403076,23501.8828125,129.2117919921875,0.779109001159668
2023-07-11 00:00:00+00:00,7.190921783447266,23642.568359375,127.18804168701172,0.7773889899253845
2023-07-12 00:00:00+00:00,7.115480899810791,23674.771484375,127.82196044921876,0.7732130289077759
2023-07-13 00:00:00+00:00,6.979955196380615,23385.3984375,125.88075256347656,0.7694169878959656
2023-07-14 00:00:00+00:00,7.541243076324463,23975.46484375,125.8106689453125,0.7619889974594116
2023-07-15 00:00:00+00:00,7.485867023468018,23171.7109375,122.60421752929688,0.7644379734992981
2023-07-16 00:00:00+00:00,7.413562774658203,23142.482421875,125.84730529785156,0.7641630172729492
2023-07-17 00:00:00+00:00,7.174461841583252,23109.248046875,126.37567138671876,0.7644280195236206
2023-07-18 00:00:00+00:00,7.224584102630615,23061.755859375,128.68531799316406,0.7651730179786682
2023-07-19 00:00:00+00:00,7.123040199279785,22907.150390625,128.08566284179688,0.7673609852790833
2023-07-20 00:00:00+00:00,7.101625919342041,23122.35546875,128.1847381591797,0.7731410264968872
2023-07-21 00:00:00+00:00,7.2680277824401855,23143.48046875,128.80296325683594,0.7768959999084473
2023-07-22 00:00:00+00:00,7.335741996765137,23264.42578125,126.03850555419922,0.7780150175094604
2023-07-23 00:00:00+00:00,7.19853401184082,23157.908203125,126.15337371826172,0.7777389883995056
2023-07-24 00:00:00+00:00,7.22657299041748,23409.021484375,127.37722778320312,0.7780280113220215
2023-07-25 00:00:00+00:00,7.033732891082764,22772.640625,125.55449676513672,0.7805110216140747
2023-07-26 00:00:00+00:00,6.947683811187744,22668.880859375,126.23127746582033,0.7754719853401184
2023-07-27 00:00:00+00:00,6.951507091522217,22708.185546875,126.09613800048828,0.7736499905586243
2023-07-28 00:00:00+00:00,6.96500301361084,22832.126953125,126.739990234375,0.7813159823417664
2023-07-29 00:00:00+00:00,7.033607006072998,22823.625,127.12733459472656,0.778535008430481
2023-07-30 00:00:00+00:00,7.066915035247803,22852.951171875,127.04681396484376,0.7784940004348755
2023-07-31 00:00:00+00:00,7.003749847412109,22775.837890625,124.68226623535156,0.7779049873352051
2023-08-01 00:00:00+00:00,6.904405117034912,22779.40625,125.6697769165039,0.779242992401123
2023-08-02 00:00:00+00:00,7.0144147872924805,23193.3359375,125.256591796875,0.78118497133255
2023-08-03 00:00:00+00:00,6.850759029388428,22920.349609375,125.67919921875,0.7857069969177246
2023-08-04 00:00:00+00:00,6.7795090675354,22946.87109375,126.1101531982422,0.7859920263290405
2023-08-05 00:00:00+00:00,6.654117107391357,22806.79296875,124.26195526123048,0.7833399772644043
2023-08-06 00:00:00+00:00,6.669980049133301,22781.71875,125.12538146972656,0.7836390137672424
2023-08-07 00:00:00+00:00,6.648390769958496,22780.19921875,125.21078491210938,0.7831230163574219
2023-08-08 00:00:00+00:00,6.637671947479248,22830.212890625,123.83999633789062,0.7814520001411438
2023-08-09 00:00:00+00:00,6.69052791595459,23357.33984375,124.68121337890624,0.7844910025596619
2023-08-10 00:00:00+00:00,6.712206840515137,23240.626953125,123.58980560302734,0.7857270240783691
2023-08-11 00:00:00+00:00,6.636845111846924,23227.24609375,123.1174545288086,0.7884680032730103
2023-08-12 00:00:00+00:00,6.572573184967041,23158.755859375,123.5174560546875,0.7869619727134705
2023-08-13 00:00:00+00:00,6.6300129890441895,23173.1328125,124.25030517578124,0.7873430252075195
2023-08-14 00:00:00+00:00,6.596743106842041,23068.11328125,124.6465835571289,0.7871760129928589
2023-08-15 00:00:00+00:00,6.707874774932861,23182.29296875,124.79276275634766,0.7876440286636353
2023-08-16 00:00:00+00:00,6.38090181350708,22967.97265625,122.24855041503906,0.786558985710144
2023-08-17 00:00:00+00:00,6.12229585647583,22550.701171875,120.93672943115234,0.7847909927368164
2023-08-18 00:00:00+00:00,5.82624101638794,20917.2734375,111.15110778808594,0.784762978553772
2023-08-19 00:00:00+00:00,5.950314998626709,20456.69140625,112.68051147460938,0.7851660251617432
2023-08-20 00:00:00+00:00,6.052162170410156,20493.32421875,113.26431274414062,0.7851889729499817
2023-08-21 00:00:00+00:00,6.173174858093262,20554.685546875,115.60308074951172,0.7848380208015442
2023-08-22 00:00:00+00:00,5.9143781661987305,20473.802734375,117.20525360107422,0.7835829854011536
2023-08-23 00:00:00+00:00,5.804636955261231,20447.29296875,114.2225570678711,0.7850580215454102
2023-08-24 00:00:00+00:00,5.837739944458008,20778.916015625,112.38243865966795,0.7860590219497681
2023-08-25 00:00:00+00:00,5.721325874328613,20776.298828125,109.90853118896484,0.7936729788780212
2023-08-26 00:00:00+00:00,5.759500980377197,20708.912109375,111.22830963134766,0.7946370244026184
2023-08-27 00:00:00+00:00,5.687234878540039,20672.80078125,113.64344024658205,0.7944819927215576
2023-08-28 00:00:00+00:00,5.70258092880249,20724.138671875,115.46585845947266,0.7939620018005371
2023-08-29 00:00:00+00:00,5.7610602378845215,20701.2890625,115.17459869384766,0.7924320101737976
2023-08-30 00:00:00+00:00,5.885168075561523,21943.6796875,116.20867156982422,0.7914379835128784
2023-08-31 00:00:00+00:00,5.683771133422852,21474.376953125,111.68958282470705,0.7867869734764099
2023-09-01 00:00:00+00:00,5.461880207061768,20465.091796875,112.8327407836914,0.7890769839286804
2023-09-02 00:00:00+00:00,5.294479846954346,20497.927734375,111.87873077392578,0.7942420244216919
2023-09-03 00:00:00+00:00,5.4242777824401855,20550.353515625,111.2787628173828,0.7945119738578796
2023-09-04 00:00:00+00:00,5.408994197845459,20631.08203125,111.88793182373048,0.7944120168685913
2023-09-05 00:00:00+00:00,5.323854923248291,20449.73046875,111.8417739868164,0.7919620275497437
2023-09-06 00:00:00+00:00,5.420478820800781,20509.291015625,109.61211395263672,0.7952200174331665
2023-09-07 00:00:00+00:00,5.511439800262451,20605.03515625,113.70409393310548,0.7997360229492188
2023-09-08 00:00:00+00:00,5.560723781585693,21033.537109375,114.82650756835938,0.8013830184936523
2023-09-09 00:00:00+00:00,5.482430934906006,20782.70703125,115.43209838867188,0.8020679950714111
2023-09-10 00:00:00+00:00,5.495834827423096,20774.705078125,115.04753875732422,0.8020319938659668
2023-09-11 00:00:00+00:00,5.333701133728027,20684.638671875,114.41986846923828,0.8004199862480164
2023-09-12 00:00:00+00:00,5.093523979187012,20117.19140625,111.87245178222656,0.7992470264434814
2023-09-13 00:00:00+00:00,5.108382225036621,20681.140625,112.72258758544922,0.8005890250205994
2023-09-14 00:00:00+00:00,5.23944616317749,21000.1015625,114.58795166015624,0.8008599877357483
2023-09-15 00:00:00+00:00,5.512121200561523,21401.142578125,117.9976043701172,0.8065930008888245
2023-09-16 00:00:00+00:00,5.591901779174805,21482.875,118.96552276611328,0.807640016078949
2023-09-17 00:00:00+00:00,5.771022796630859,21450.248046875,116.76458740234376,0.8076030015945435
2023-09-18 00:00:00+00:00,5.602960109710693,21403.005859375,117.6034698486328,0.8068559765815735
2023-09-19 00:00:00+00:00,5.958954811096191,21605.47265625,117.71622467041016,0.807744026184082
2023-09-20 00:00:00+00:00,6.060151100158691,21957.3046875,119.17938995361328,0.8071359992027283
2023-09-21 00:00:00+00:00,5.903109073638916,22010.08203125,120.1555633544922,0.8113899827003479
2023-09-22 00:00:00+00:00,5.841667175292969,21612.185546875,118.11627960205078,0.8134670257568359
2023-09-23 00:00:00+00:00,5.828174114227295,21713.56640625,118.50010681152344,0.8169350028038025
2023-09-24 00:00:00+00:00,5.787231922149658,21716.95703125,115.85704803466795,0.8171150088310242
2023-09-25 00:00:00+00:00,5.70087194442749,21449.62109375,117.41854858398438,0.8170269727706909
2023-09-26 00:00:00+00:00,5.763584136962891,21534.431640625,118.28569793701172,0.8186709880828857
2023-09-27 00:00:00+00:00,5.726607799530029,21584.818359375,119.23014068603516,0.8229820132255554
2023-09-28 00:00:00+00:00,5.741466045379639,21715.8515625,120.6684341430664,0.8235399723052979
2023-09-29 00:00:00+00:00,5.824219226837158,22140.9140625,119.6796875,0.8193939924240112
2023-09-30 00:00:00+00:00,5.826999187469482,22055.177734375,120.33889770507812,0.8195729851722717
2023-10-01 00:00:00+00:00,5.93680477142334,22110.29296875,120.1560287475586,0.8200460076332092
2023-10-02 00:00:00+00:00,6.203824996948242,22950.62109375,122.33338928222656,0.8200539946556091
2023-10-03 00:00:00+00:00,5.917623043060303,22771.09765625,120.9269027709961,0.8273890018463135
2023-10-04 00:00:00+00:00,5.853675842285156,22712.21484375,121.84234619140624,0.8280829787254333
2023-10-05 00:00:00+00:00,5.743196964263916,22904.25390625,123.9732666015625,0.8242719769477844
2023-10-06 00:00:00+00:00,5.610875129699707,22495.71484375,122.77149963378906,0.8206080198287964
2023-10-07 00:00:00+00:00,5.650310039520264,22835.91796875,124.19698333740234,0.8174830079078674
2023-10-08 00:00:00+00:00,5.689006805419922,22850.345703125,126.80723571777344,0.817441999912262
2023-10-09 00:00:00+00:00,5.682297229766846,22860.568359375,127.8184585571289,0.8187230229377747
2023-10-10 00:00:00+00:00,5.574957847595215,22518.349609375,125.55326080322266,0.8164309859275818
2023-10-11 00:00:00+00:00,5.436936855316162,22288.51171875,123.86031341552734,0.8137879967689514
2023-10-12 00:00:00+00:00,5.444880962371826,21821.1640625,124.9199447631836,0.8118000030517578
2023-10-13 00:00:00+00:00,5.406754016876221,21961.98046875,125.04215240478516,0.8205599784851074
2023-10-14 00:00:00+00:00,5.41278886795044,22154.529296875,126.67254638671876,0.8247089982032776
2023-10-15 00:00:00+00:00,5.43233585357666,22155.8046875,126.0583267211914,0.8248969912528992
2023-10-16 00:00:00+00:00,5.432411193847656,22344.654296875,125.42206573486328,0.8230220079421997
2023-10-17 00:00:00+00:00,5.432612895965576,23354.25,124.91653442382812,0.819337010383606
2023-10-18 00:00:00+00:00,5.292479991912842,23333.166015625,123.5996551513672,0.8214660286903381
2023-10-19 00:00:00+00:00,5.188516139984131,23331.81640625,123.37902069091795,0.8238080143928528
2023-10-20 00:00:00+00:00,5.163692951202393,23666.240234375,125.59175872802734,0.8244199752807617
2023-10-21 00:00:00+00:00,5.278104782104492,24430.40234375,127.42446899414062,0.8234819769859314
2023-10-22 00:00:00+00:00,5.453338146209717,24622.1953125,130.0048828125,0.8232709765434265
2023-10-23 00:00:00+00:00,5.549026966094971,24659.271484375,130.6884765625,0.8223450183868408
2023-10-24 00:00:00+00:00,5.727828979492188,27011.0703125,131.3533935546875,0.8167099952697754
2023-10-25 00:00:00+00:00,5.746562004089356,27874.478515625,129.92276000976562,0.8222320079803467
2023-10-26 00:00:00+00:00,5.880346775054932,28509.30078125,132.21499633789062,0.826632022857666
2023-10-27 00:00:00+00:00,5.898443222045898,28145.25,131.55279541015625,0.8241639733314514
2023-10-28 00:00:00+00:00,5.7967939376831055,27959.91796875,132.65699768066406,0.8247500061988831
2023-10-29 00:00:00+00:00,5.923731803894043,28108.150390625,133.732666015625,0.8247470259666443
2023-10-30 00:00:00+00:00,6.040514945983887,28513.58984375,143.9398956298828,0.8258789777755737
2023-10-31 00:00:00+00:00,6.664781093597412,28365.15234375,141.9245147705078,0.82259202003479
2023-11-01 00:00:00+00:00,6.53013277053833,28531.755859375,141.8528594970703,0.8232640027999878
2023-11-02 00:00:00+00:00,6.469501972198486,29090.546875,140.90249633789062,0.821403980255127
2023-11-03 00:00:00+00:00,6.435603141784668,28661.970703125,140.28659057617188,0.8205350041389465
2023-11-04 00:00:00+00:00,6.269100189208984,28066.533203125,138.06382751464844,0.8086060285568237
2023-11-05 00:00:00+00:00,6.556820869445801,28349.2578125,136.07916259765625,0.8087120056152344
2023-11-06 00:00:00+00:00,6.769349098205566,28329.1328125,137.15599060058594,0.8088489770889282
2023-11-07 00:00:00+00:00,7.076371192932129,28384.369140625,133.9718017578125,0.8103730082511902
2023-11-08 00:00:00+00:00,6.891883850097656,28837.236328125,135.1618194580078,0.8140730261802673
2023-11-09 00:00:00+00:00,7.064899921417236,29023.537109375,136.19650268554688,0.8142930269241333
2023-11-10 00:00:00+00:00,7.390037059783935,30037.173828125,139.27447509765625,0.818681001663208
2023-11-11 00:00:00+00:00,7.528401851654053,30527.677734375,140.0201416015625,0.8181279897689819
2023-11-12 00:00:00+00:00,7.55790901184082,30383.75390625,138.4617462158203,0.8179929852485657
2023-11-13 00:00:00+00:00,7.794139862060547,30299.369140625,139.9278564453125,0.8178139925003052
2023-11-14 00:00:00+00:00,7.497243881225586,29724.306640625,132.74087524414062,0.8146160244941711
2023-11-15 00:00:00+00:00,7.285147190093994,28444.43359375,130.6710968017578,0.8006100058555603
2023-11-16 00:00:00+00:00,7.786037921905518,30495.119140625,129.62051391601562,0.8056529760360718
2023-11-17 00:00:00+00:00,7.725869178771973,29123.71484375,129.52389526367188,0.8055599927902222
2023-11-18 00:00:00+00:00,7.545106887817383,29378.42578125,130.6090087890625,0.8032259941101074
2023-11-19 00:00:00+00:00,7.4099040031433105,29369.611328125,129.08531188964844,0.803242027759552
2023-11-20 00:00:00+00:00,7.534502983093262,30021.13671875,131.8402099609375,0.8033570051193237
2023-11-21 00:00:00+00:00,7.174042224884033,29961.365234375,130.49583435058594,0.7999380230903625
2023-11-22 00:00:00+00:00,6.576304912567139,28550.5546875,126.95760345458984,0.7975040078163147
2023-11-23 00:00:00+00:00,7.057826042175293,29971.88671875,130.73907470703125,0.8009650111198425
2023-11-24 00:00:00+00:00,6.9808549880981445,29753.5,132.52403259277344,0.7980160117149353
2023-11-25 00:00:00+00:00,7.064824104309082,29931.986328125,135.2627716064453,0.7938050031661987
2023-11-26 00:00:00+00:00,7.522875785827637,29995.080078125,136.51219177246094,0.7939680218696594
2023-11-27 00:00:00+00:00,7.881923198699951,29746.205078125,134.56190490722656,0.7938410043716431
2023-11-28 00:00:00+00:00,7.364669799804687,29485.482421875,131.01559448242188,0.7914519906044006
2023-11-29 00:00:00+00:00,7.273043155670166,29757.44140625,131.93844604492188,0.7868829965591431
2023-11-30 00:00:00+00:00,7.263185977935791,29820.529296875,130.72772216796875,0.7878569960594177
2023-12-01 00:00:00+00:00,7.3280348777771,29858.728515625,134.42788696289062,0.7918649911880493
2023-12-02 00:00:00+00:00,7.451085090637207,30465.99609375,135.10414123535156,0.7876099944114685
2023-12-03 00:00:00+00:00,7.591440200805664,31086.19140625,135.9780731201172,0.7877510190010071
2023-12-04 00:00:00+00:00,7.508139133453369,31451.201171875,135.5176239013672,0.786948025226593
2023-12-05 00:00:00+00:00,7.714337825775146,33228.71875,134.93539428710938,0.7914659976959229
2023-12-06 00:00:00+00:00,7.855827808380127,34999.90234375,136.1190643310547,0.7944309711456299
2023-12-07 00:00:00+00:00,7.759228229522705,34838.3125,135.8912811279297,0.7963950037956238
2023-12-08 00:00:00+00:00,7.868055820465088,34393.46875,137.44000244140625,0.7946929931640625
2023-12-09 00:00:00+00:00,8.294249534606934,35198.12890625,138.81561279296875,0.7970389723777771
2023-12-10 00:00:00+00:00,8.355658531188965,34846.98828125,139.45431518554688,0.7973520159721375
2023-12-11 00:00:00+00:00,8.496176719665527,34872.84765625,140.0041046142578,0.7965880036354065
2023-12-12 00:00:00+00:00,7.855312824249268,32854.87890625,136.7442169189453,0.796239972114563
2023-12-13 00:00:00+00:00,9.32266330718994,32978.79296875,135.88465881347656,0.7954540252685547
2023-12-14 00:00:00+00:00,9.208415985107422,33983.75,134.0991668701172,0.7924839854240417
2023-12-15 00:00:00+00:00,9.044339179992676,33689.96484375,131.61415100097656,0.7831730246543884
2023-12-16 00:00:00+00:00,8.580106735229492,33044.171875,132.58370971679688,0.7882019877433777
2023-12-17 00:00:00+00:00,9.500160217285156,33288.76171875,133.0903778076172,0.7874400019645691
2023-12-18 00:00:00+00:00,8.784222602844238,32643.669921875,132.4204864501953,0.7890710234642029
2023-12-19 00:00:00+00:00,8.598987579345703,33687.30078125,137.1723175048828,0.790153980255127
2023-12-20 00:00:00+00:00,8.181500434875488,33204.51171875,134.2343292236328,0.7854369878768921
2023-12-21 00:00:00+00:00,8.436287879943848,34537.046875,138.0990753173828,0.7912060022354126
2023-12-22 00:00:00+00:00,8.98874282836914,34586.21875,136.5216827392578,0.7885100245475769
2023-12-23 00:00:00+00:00,8.978333473205566,34646.76171875,139.2619171142578,0.7882069945335388
2023-12-24 00:00:00+00:00,8.935384750366211,34443.31640625,140.57281494140625,0.7880470156669617
2023-12-25 00:00:00+00:00,8.871075630187988,33936.44921875,135.22723388671875,0.7896190285682678
2023-12-26 00:00:00+00:00,9.3922758102417,34329.69140625,137.40330505371094,0.7875840067863464
2023-12-27 00:00:00+00:00,9.127559661865234,33411.42578125,136.7976837158203,0.7859579920768738
2023-12-28 00:00:00+00:00,9.34805965423584,33939.73046875,137.1031036376953,0.7817929983139038
2023-12-29 00:00:00+00:00,8.975149154663086,33474.33203125,137.6294403076172,0.7861999869346619
2023-12-30 00:00:00+00:00,8.628250122070312,33047.65234375,130.85842895507812,0.7853429913520813
2023-12-31 00:00:00+00:00,8.451160430908203,33090.17578125,130.1188507080078,0.7852280139923096
2024-01-01 00:00:00+00:00,8.32047176361084,33201.24609375,129.63722229003906,0.7853339910507202
2024-01-02 00:00:00+00:00,8.797393798828125,34701.828125,133.2576141357422,0.7859789729118347
2024-01-03 00:00:00+00:00,8.700692176818848,35615.48046875,132.91983032226562,0.7925969958305359
2024-01-04 00:00:00+00:00,7.837704181671143,33810.16796875,121.9714126586914,0.7895870208740234
2024-01-05 00:00:00+00:00,8.094465255737305,34838.5625,129.8613739013672,0.7893750071525574
2024-01-06 00:00:00+00:00,8.104525566101074,34705.47265625,122.51814270019533,0.7865440249443054
2024-01-07 00:00:00+00:00,7.7256760597229,34569.12890625,120.01458740234376,0.7863199710845947
2024-01-08 00:00:00+00:00,7.398248195648193,34553.77734375,114.90119171142578,0.7868070006370544
2024-01-09 00:00:00+00:00,7.814345836639404,36863.765625,116.29771423339844,0.7852979898452759
2024-01-10 00:00:00+00:00,7.597701072692871,36297.109375,113.53677368164062,0.7868090271949768
2024-01-11 00:00:00+00:00,8.144942283630371,36586.48828125,116.93038940429688,0.7848259806632996
2024-01-12 00:00:00+00:00,8.350004196166992,36284.11328125,119.6015396118164,0.7827079892158508
2024-01-13 00:00:00+00:00,7.817527770996094,33620.87890625,119.09490203857422,0.7844889760017395
2024-01-14 00:00:00+00:00,8.009751319885254,33612.41796875,122.03656005859376,0.7845410108566284
2024-01-15 00:00:00+00:00,7.84086799621582,32818.09765625,121.0481185913086,0.7847909927368164
2024-01-16 00:00:00+00:00,8.01287841796875,33432.21875,123.32959747314452,0.786201000213623
2024-01-17 00:00:00+00:00,8.139751434326172,34149.4140625,124.57099151611328,0.791217029094696
2024-01-18 00:00:00+00:00,7.998877048492432,33716.08984375,124.3647232055664,0.7881760001182556
2024-01-19 00:00:00+00:00,7.623559951782227,32460.779296875,120.3704605102539,0.7860720157623291
2024-01-20 00:00:00+00:00,7.638247013092041,32760.095703125,124.49517822265624,0.7865129709243774
2024-01-21 00:00:00+00:00,7.739502906799316,32797.23046875,123.246826171875,0.7866119742393494
2024-01-22 00:00:00+00:00,7.583844184875488,32714.728515625,124.02144622802734,0.7869960069656372
2024-01-23 00:00:00+00:00,7.2258381843566895,31092.654296875,118.57537078857422,0.7861059904098511
2024-01-24 00:00:00+00:00,7.262764930725098,31396.26171875,118.391845703125,0.7873560190200806
2024-01-25 00:00:00+00:00,7.347781181335449,31511.9609375,119.94043731689452,0.7860779762268066
2024-01-26 00:00:00+00:00,7.259616851806641,31428.02734375,123.9077377319336,0.7867799997329712
2024-01-27 00:00:00+00:00,7.580350875854492,32903.35546875,125.45537567138672,0.7868329882621765
2024-01-28 00:00:00+00:00,7.611458778381348,33141.9140625,126.23572540283205,0.7868810296058655
2024-01-29 00:00:00+00:00,7.421771049499512,33107.82421875,126.6144561767578,0.7876150012016296
2024-01-30 00:00:00+00:00,7.599675178527832,34051.703125,132.2137908935547,0.7867249846458435
2024-01-31 00:00:00+00:00,7.414854049682617,33836.94921875,126.27404022216795,0.7877960205078125
2024-02-01 00:00:00+00:00,7.177525997161865,33583.87890625,129.23440551757812,0.7886980175971985
2024-02-02 00:00:00+00:00,7.167110919952393,33794.796875,130.6138153076172,0.7844899892807007
2024-02-03 00:00:00+00:00,7.251710891723633,34184.9765625,133.50271606445312,0.7913510203361511
2024-02-04 00:00:00+00:00,7.164192199707031,34031.71875,130.8485107421875,0.7914270162582397
2024-02-05 00:00:00+00:00,7.100846767425537,33739.484375,131.35708618164062,0.7920899987220764
2024-02-06 00:00:00+00:00,7.217141151428223,34035.21484375,131.92916870117188,0.7968890070915222
2024-02-07 00:00:00+00:00,7.239298820495605,34185.53125,83.2944107055664,0.7934359908103943
2024-02-08 00:00:00+00:00,7.594659805297852,35098.79296875,102.91918182373048,0.7918319702148438
2024-02-09 00:00:00+00:00,7.636476993560791,35894.15234375,101.35025787353516,0.7924919724464417
2024-02-10 00:00:00+00:00,7.934109210968018,37332.47265625,96.53598022460938,0.7922160029411316
2024-02-11 00:00:00+00:00,7.89736795425415,37826.63671875,94.39054107666016,0.7920799851417542
2024-02-12 00:00:00+00:00,7.705602169036865,38217.1484375,95.44427490234376,0.791566014289856
2024-02-13 00:00:00+00:00,7.867835998535156,39563.3671875,99.95952606201172,0.7921500205993652
2024-02-14 00:00:00+00:00,8.180503845214844,39508.3828125,101.51295471191406,0.7947289943695068
2024-02-15 00:00:00+00:00,8.150266647338867,41239.640625,101.77243041992188,0.7964640259742737
2024-02-16 00:00:00+00:00,8.202531814575195,41224.984375,99.8812484741211,0.7944750189781189
2024-02-17 00:00:00+00:00,8.12865924835205,41390.42578125,97.40739440917967,0.7940419912338257
2024-02-18 00:00:00+00:00,8.157304763793945,40995.87890625,95.86654663085938,0.7938100099563599
2024-02-19 00:00:00+00:00,8.391494750976562,41332.34375,96.89263916015624,0.7931720018386841
2024-02-20 00:00:00+00:00,8.53744888305664,41134.4921875,89.70117950439453,0.7945029735565186
2024-02-21 00:00:00+00:00,8.212559700012207,41413.54296875,98.08394622802734,0.7922090291976929
2024-02-22 00:00:00+00:00,7.898674964904785,41017.90625,97.36260986328124,0.791263997554779
2024-02-23 00:00:00+00:00,7.724390029907227,40519.796875,97.96717834472656,0.789277970790863
2024-02-24 00:00:00+00:00,7.861641883850098,40009.44921875,97.66853332519533,0.7885640263557434
2024-02-25 00:00:00+00:00,8.213290214538574,40674.4375,97.7042999267578,0.7887529730796814
2024-02-26 00:00:00+00:00,8.186179161071777,40830.35546875,101.9505615234375,0.7891719937324524
2024-02-27 00:00:00+00:00,8.77997875213623,42985.7890625,102.1878890991211,0.788972020149231
2024-02-28 00:00:00+00:00,8.842497825622559,45017.18359375,102.5654754638672,0.788873016834259
2024-02-29 00:00:00+00:00,9.01375961303711,49366.96875,105.74959564208984,0.7906489968299866
2024-03-01 00:00:00+00:00,8.9379301071167,48467.28515625,108.6373519897461,0.7922890186309814
2024-03-02 00:00:00+00:00,9.195371627807615,49332.90625,112.96925354003906,0.7906129956245422
2024-03-03 00:00:00+00:00,9.64027976989746,49008.35546875,114.27574157714844,0.790556013584137
2024-03-04 00:00:00+00:00,9.611162185668944,49892.9375,118.54353332519533,0.7902089953422546
2024-03-05 00:00:00+00:00,9.832789421081545,53847.51171875,118.2173843383789,0.7890639901161194
2024-03-06 00:00:00+00:00,9.467329025268556,50218.5625,111.33372497558594,0.7881389856338501
2024-03-07 00:00:00+00:00,11.153446197509766,51906.0703125,113.01102447509766,0.7855340242385864
2024-03-08 00:00:00+00:00,10.864860534667969,52232.12890625,112.60481262207033,0.7815459966659546
2024-03-09 00:00:00+00:00,10.438549995422363,53118.76171875,114.61044311523438,0.779429018497467
2024-03-10 00:00:00+00:00,10.404481887817385,53273.359375,111.86434936523438,0.7794010043144226
2024-03-11 00:00:00+00:00,10.245681762695312,53688.4921875,114.04235076904295,0.7786440253257751
2024-03-12 00:00:00+00:00,10.697136878967283,56266.3828125,113.2797393798828,0.7803500294685364
2024-03-13 00:00:00+00:00,10.484063148498535,55866.34765625,113.41431427001952,0.7816240191459656
2024-03-14 00:00:00+00:00,11.029579162597656,57090.7109375,117.34823608398438,0.7815750241279602
2024-03-15 00:00:00+00:00,10.715087890625,56018.3359375,115.03190612792967,0.7843559980392456
2024-03-16 00:00:00+00:00,9.914403915405272,54507.015625,111.54881286621094,0.7854589819908142
2024-03-17 00:00:00+00:00,9.371317863464355,51303.98046875,109.58677673339844,0.7848899960517883
2024-03-18 00:00:00+00:00,9.636520385742188,53719.3984375,110.74832153320312,0.7849850058555603
2024-03-19 00:00:00+00:00,9.217692375183104,53077.1171875,110.82267761230467,0.7856960296630859
2024-03-20 00:00:00+00:00,8.554224014282227,48683.68359375,105.3612823486328,0.7859179973602295
2024-03-21 00:00:00+00:00,9.18109130859375,53065.84375,109.08795166015624,0.781574010848999
2024-03-22 00:00:00+00:00,9.189494132995604,51729.87890625,109.16868591308594,0.7897189855575562
2024-03-23 00:00:00+00:00,9.038861274719238,50614.0625,106.96236419677734,0.7937989830970764
2024-03-24 00:00:00+00:00,9.002374649047852,50838.99609375,110.23805236816406,0.793828010559082
2024-03-25 00:00:00+00:00,9.217183113098145,53370.8203125,112.63029479980467,0.7937920093536377
2024-03-26 00:00:00+00:00,9.643065452575684,55363.09765625,112.8385772705078,0.7915430068969727
2024-03-27 00:00:00+00:00,9.674378395080566,55423.37109375,107.16573333740234,0.7919149994850159
2024-03-28 00:00:00+00:00,10.018404960632324,55050.09375,109.3132781982422,0.7923169732093811
2024-03-29 00:00:00+00:00,9.744549751281738,56052.28515625,107.01339721679688,0.7923939824104309
2024-03-30 00:00:00+00:00,9.926401138305664,55358.6171875,104.95730590820312,0.7924379706382751
2024-03-31 00:00:00+00:00,9.71729564666748,55160.1953125,102.26630401611328,0.7923570275306702
2024-04-01 00:00:00+00:00,9.729148864746094,56444.890625,101.5099639892578,0.7913119792938232
2024-04-02 00:00:00+00:00,9.289496421813965,55557.0703125,98.1468276977539,0.7973920106887817
2024-04-03 00:00:00+00:00,8.725319862365723,52040.75,97.1253890991211,0.795337975025177
2024-04-04 00:00:00+00:00,8.569000244140625,52153.47265625,101.8250503540039,0.7906849980354309
2024-04-05 00:00:00+00:00,8.715433120727539,54203.6484375,104.15958404541016,0.7914950251579285
2024-04-06 00:00:00+00:00,8.630314826965332,53677.484375,100.3006591796875,0.7914800047874451
2024-04-07 00:00:00+00:00,8.791241645812988,54515.01171875,104.33780670166016,0.791441023349762
2024-04-08 00:00:00+00:00,8.780476570129395,54941.80078125,104.0152587890625,0.7920359969139099
2024-04-09 00:00:00+00:00,8.931520462036133,56591.99609375,108.04708099365234,0.7901759743690491
2024-04-10 00:00:00+00:00,8.547307968139648,54538.9296875,105.32537078857422,0.7886430025100708
2024-04-11 00:00:00+00:00,8.623434066772461,56305.83203125,106.55437469482422,0.797764003276825
2024-04-12 00:00:00+00:00,8.566732406616211,55804.74609375,106.23133850097656,0.7969589829444885
2024-04-13 00:00:00+00:00,7.535737991333008,53942.28515625,98.7370376586914,0.8031209707260132
2024-04-14 00:00:00+00:00,6.495989799499512,51233.453125,92.86216735839844,0.8037350177764893
2024-04-15 00:00:00+00:00,6.710906982421875,52760.84765625,97.5408706665039,0.8034510016441345
2024-04-16 00:00:00+00:00,6.537538051605225,50959.21875,99.05500030517578,0.8037440180778503
2024-04-17 00:00:00+00:00,6.570790767669678,51334.28515625,98.01437377929688,0.8047789931297302
2024-04-18 00:00:00+00:00,6.457269191741943,49204.87890625,94.06888580322266,0.8029900193214417
2024-04-19 00:00:00+00:00,6.598680019378662,51076.640625,93.6313247680664,0.8046380281448364
2024-04-20 00:00:00+00:00,6.599125862121582,51615.80078125,94.63063049316406,0.8089540004730225
2024-04-21 00:00:00+00:00,7.014409065246582,52546.25,98.7686538696289,0.8088200092315674
2024-04-22 00:00:00+00:00,7.062633991241455,52462.3515625,95.87063598632812,0.808197021484375
2024-04-23 00:00:00+00:00,7.223711013793945,54121.07421875,98.07817840576172,0.8100110292434692
2024-04-24 00:00:00+00:00,6.987809181213379,53320.7890625,97.51846313476562,0.8030110001564026
2024-04-25 00:00:00+00:00,6.74420690536499,51589.79296875,95.38206481933594,0.8024590015411377
2024-04-26 00:00:00+00:00,6.651140213012695,51555.83203125,95.93396759033205,0.7994040250778198
2024-04-27 00:00:00+00:00,6.642168045043945,51049.203125,96.3591766357422,0.8004649877548218
2024-04-28 00:00:00+00:00,6.718379020690918,50784.08203125,98.31352996826172,0.8002840280532837
2024-04-29 00:00:00+00:00,6.3829779624938965,49524.87890625,99.6179428100586,0.798345148563385
